{
    "gamma": 0.9791550717986601,
    "lambda_": 0.6094233682476405,
    "alpha": 0.0546715348986371,
    "eps_decay_fraction": 0.8864562872890053
}