{
    "gamma": 0.9234665506676888,
    "lambda_": 0.9198807048145926,
    "alpha": 0.037789208159037205,
    "eps_decay_fraction": 0.8394516613589479
}