{
    "gamma": 0.9699323672453679,
    "lambda_": 0.9361441736613079,
    "alpha": 0.05318595366791912,
    "eps_decay_fraction": 0.4808398306600972
}