{
    "gamma": 0.9507025995624331,
    "lambda_": 0.8376744274286637,
    "alpha": 0.0436320617208905,
    "eps_decay_fraction": 0.5125517964585009
}