{
    "gamma": 0.9969738606273814,
    "lambda_": 0.835122270401991,
    "alpha": 0.011243869549020645,
    "eps_decay_fraction": 0.5471342020719238
}