{
    "gamma": 0.9977912838775259,
    "lambda_": 0.7284306950385067,
    "alpha": 0.05608334302929627,
    "eps_decay_fraction": 0.47219052638886955
}