{
    "gamma": 0.9344645243326822,
    "alpha": 0.06658188296355672,
    "eps_decay_fraction": 0.48425354466049403
}