{
    "gamma": 0.9192794119172321,
    "alpha": 0.011681826111238575,
    "eps_decay_fraction": 0.46837945395899505
}