{
    "gamma": 0.9190121071680631,
    "alpha": 0.01594419270687756,
    "eps_decay_fraction": 0.4575667948954072
}