{
    "gamma": 0.9089333867854921,
    "alpha": 0.20205887535132938,
    "eps_decay_fraction": 0.550731069195699
}