{
    "gamma": 0.9933408470271503,
    "alpha": 0.011525956266776629,
    "eps_decay_fraction": 0.42092697940429513
}