{
    "gamma": 0.929718374141106,
    "alpha": 0.021221239066051688,
    "eps_decay_fraction": 0.6604960273800321
}