{
    "gamma": 0.9974460098994048,
    "alpha": 0.3291856954841887,
    "eps_decay_fraction": 0.717207607888639
}