{
    "gamma": 0.9082826971818089,
    "alpha": 0.013214149873469682,
    "eps_decay_fraction": 0.6063610176829196
}