{
    "gamma": 0.9776840723315171,
    "alpha": 0.20790737690295266,
    "eps_decay_fraction": 0.6712882181205059
}