{
    "gamma": 0.9751038446977474,
    "alpha": 0.23980015922351014,
    "eps_decay_fraction": 0.6888390584031355
}