{
    "gamma": 0.9299906407090717,
    "alpha": 0.011900648542166645,
    "eps_decay_fraction": 0.7788989682320704
}