{
    "gamma": 0.969712317407632,
    "alpha": 0.23536916862294247,
    "eps_decay_fraction": 0.46527434116800004
}