{
    "gamma": 0.9048292151888099,
    "lambda_": 0.7043557169609772,
    "alpha": 0.3439617322115473,
    "eps_decay_fraction": 0.4281153172155224
}