{
    "gamma": 0.9588490146047745,
    "lambda_": 0.7758758727585975,
    "alpha": 0.33096234171667044,
    "eps_decay_fraction": 0.7401718757422163
}