{
    "gamma": 0.9094755287456222,
    "lambda_": 0.7316374004754457,
    "alpha": 0.2486772965757938,
    "eps_decay_fraction": 0.7339503079470175
}