{
    "gamma": 0.9792086949552683,
    "lambda_": 0.7761902104817204,
    "alpha": 0.32528574195927873,
    "eps_decay_fraction": 0.4708061278820786
}