{
    "gamma": 0.9494626143312439,
    "lambda_": 0.7090851059983891,
    "alpha": 0.015568364888638008,
    "eps_decay_fraction": 0.44383208639526983
}