{
    "gamma": 0.9816707598562551,
    "lambda_": 0.7023436645704428,
    "alpha": 0.17302159859907687,
    "eps_decay_fraction": 0.5269938772384213
}