{
    "gamma": 0.9706231474367695,
    "lambda_": 0.6742313751067537,
    "alpha": 0.021515431783855257,
    "eps_decay_fraction": 0.5233871382693187
}