{
    "gamma": 0.9655787274105502,
    "lambda_": 0.6611340349881981,
    "alpha": 0.013070697203567235,
    "eps_decay_fraction": 0.8820015599728983
}