{
    "gamma": 0.9169931328949057,
    "lambda_": 0.8228995007352122,
    "alpha": 0.012484691719086137,
    "eps_decay_fraction": 0.7488134249533509
}