{
    "gamma": 0.9248337299385913,
    "lambda_": 0.7094704827478034,
    "alpha": 0.011695462541347927,
    "eps_decay_fraction": 0.851506151359647
}