{
    "gamma": 0.9176677178861132,
    "lambda_": 0.9120698989516913,
    "alpha": 0.01447120780519635,
    "eps_decay_fraction": 0.6796783688281854
}