{
    "gamma": 0.9267126431033044,
    "lambda_": 0.6273295429310172,
    "alpha": 0.015831393805495413,
    "eps_decay_fraction": 0.8425058753887871
}