{
    "gamma": 0.9313723784877161,
    "lambda_": 0.8384081375889431,
    "alpha": 0.18311260430170215,
    "eps_decay_fraction": 0.5486803809755587
}