{
    "gamma": 0.929758524991509,
    "lambda_": 0.8413935351178129,
    "alpha": 0.39465069864949315,
    "eps_decay_fraction": 0.5484542814031331
}