{
    "gamma": 0.9269290619059944,
    "lambda_": 0.7337053786240213,
    "alpha": 0.14865157657030026,
    "eps_decay_fraction": 0.888983215275378
}