{
    "gamma": 0.9292467331780957,
    "lambda_": 0.7768012510153507,
    "alpha": 0.49577955243060945,
    "eps_decay_fraction": 0.6474994686211016
}