{
    "gamma": 0.9164789529795389,
    "lambda_": 0.9438677228187793,
    "alpha": 0.012465975600044851,
    "eps_decay_fraction": 0.8479035341651264
}