{
    "gamma": 0.9191887279472458,
    "lambda_": 0.5133196789323651,
    "alpha": 0.010360335523634027,
    "eps_decay_fraction": 0.8878287727984567
}